job_title,skills
Data Scientist,python machine learning statistics data analysis pandas numpy visualization
DevOps Engineer,python cloud computing docker kubernetes automation ci cd linux shell
Backend Developer,python java javascript sql api database django flask node
Cloud Architect,cloud computing aws azure gcp architecture networking security design
Software Developer,python java javascript git testing agile problem solving collaboration
Machine Learning Engineer,python machine learning deep learning tensorflow data pipeline model deployment
Data Analyst,python sql excel tableau data analysis statistics visualization reporting
Web Developer,javascript html css react node frontend backend web
Cybersecurity Analyst,security networking linux monitoring threat detection risk management
Database Administrator,sql database mysql postgresql oracle backup performance tuning